{"[10, 10]": {"1": 0, "2": 0, "3": -15.0, "1": -15.0, "2": -0.9999999999999999, "3": -15.0}, "[9, 10]": {"1": -0.9999999999999999, "2": -14.583333333333334, "3": -0.9999999999999999, "1": -0.9999999999999999, "2": -14.583333333333334, "3": -0.9999999999999999}, "[9, 11]": {"0": -0.9999999999999999, "1": -0.9999999999999999, "2": -13.333333333333332, "3": -14.166666666666666, "0": -0.9999999999999999, "1": -0.9999999999999999, "2": -14.166666666666666, "3": -13.75}, "[9, 12]": {"0": -0.9999999999999999, "1": -0.9999999999999999, "2": -0.9999999999999999, "3": -12.916666666666666, "0": -0.9999999999999999, "1": -0.9999999999999999, "2": -0.9999999999999999, "3": -13.333333333333332}, "[8, 12]": {"0": -12.499999999999998, "1": -12.916666666666666, "2": -0.9999999999999999, "3": -0.9999999999999999, "0": -13.333333333333332, "1": -12.499999999999998, "2": -0.9999999999999999, "3": -0.9999999999999999}, "[7, 12]": {"0": -0.9999999999999999, "1": -0.9999999999999999, "2": -12.083333333333334, "3": -0.9999999999999999, "0": -0.9999999999999999, "1": -0.9999999999999999, "2": -12.083333333333334, "3": -0.9999999999999999}, "[7, 11]": {"0": -12.083333333333334, "1": -0.9999999999999999, "2": -11.666666666666666, "3": -11.666666666666666, "0": -11.666666666666666, "1": -0.9999999999999999, "2": -11.25, "3": -11.666666666666666}, "[9, 13]": {"0": -0.9999999999999999, "1": -12.916666666666666, "2": -12.916666666666666, "3": -12.916666666666666, "0": -0.9999999999999999, "1": -12.916666666666666, "2": -12.916666666666666, "3": -12.916666666666666}, "[7, 13]": {"0": -0.9999999999999999, "1": -0.9999999999999999, "2": -0.9999999999999999, "3": -11.666666666666666, "0": -0.9999999999999999, "1": -0.9999999999999999, "2": -0.9999999999999999, "3": -11.666666666666666}, "[7, 14]": {"0": -0.9999999999999999, "1": -10.416666666666666, "2": -9.583333333333332, "3": -0.9999999999999999, "0": -0.9999999999995947, "1": -10.833333333333334, "2": -10.416666666666666, "3": -0.9999999999995947}, "[8, 14]": {"0": -9.999999999999998, "1": -0.999999999999861, "2": -0.999999999999861, "3": -10.416666666666666, "0": -10.833333333333334, "1": -0.9999999989632207, "2": -0.9999999985188867, "3": -9.999999999999998}, "[8, 15]": {"0": -0.9999999956818855, "2": -9.583333333333332, "3": -0.9999999969773198, "0": -0.9999981437884079, "2": -9.583333333333332, "3": -0.9999987006518856}, "[6, 13]": {"0": -10.833333333333334, "1": -11.25, "3": -0.9999999999999999, "0": -10.416666666666666, "1": -11.25, "3": -0.9999999999999998}, "[9, 15]": {"0": -9.166666666666666, "2": -0.9999342876376365, "3": -0.9999342876376365, "0": -9.166666666666666, "2": -0.9983715864020896, "3": -0.9988601104814627}, "[10, 15]": {"0": -0.3, "2": 0, "3": 120.82543220404915, "0": 0, "2": 0, "3": 120.65656684374399}, "[10, 14]": {"0": 0, "1": -0.3, "2": 0, "3": 0}}
